{"cameraMode":{"drawMode":0,"name":"Shaded","section":"Shading Mode"},"sceneLighting":true,"audioPlay":false,"sceneViewState":{"m_AlwaysRefresh":false,"showFog":true,"showSkybox":true,"showFlares":true,"showImageEffects":true,"showParticleSystems":true,"showVisualEffectGraphs":true,"m_FxEnabled":true},"in2DMode":false,"pivot":{"x":-0.18076379597187043,"y":2.504257917404175,"z":-0.8322545289993286},"rotation":{"x":0.28906992077827456,"y":-0.4290020167827606,"z":0.1471174955368042,"w":0.8431227207183838},"size":0.7030819058418274,"orthographic":false}